trade_id,timestamp,trader_id,desk,instrument,quantity,price,notional,counterparty,venue,status,anomaly_type,is_flagged
TRD-LMSJ-46554930,2026-03-31 09:22:34,T014,Rates,IN10Y,499,99.8643,49832.29,CP_012,NSE,Settled,,False
TRD-SCPA-38943731,2026-03-31 11:25:39,T024,Commodities,MCX_CRUDE,346,5826.8913,2016104.39,CP_010,OTC,Settled,,False
TRD-CVHC-26040393,2026-03-31 11:59:47,T028,Credit,HDFC_BOND,284,990.6021,281331.0,CP_010,NSE,Settled,,False
TRD-CYQL-65137784,2026-03-31 13:50:57,T024,Credit,RELIANCE_BOND,211,998.6191,210708.63,CP_001,OTC,Settled,,False
TRD-EHUB-04256732,2026-03-31 14:23:06,T003,Equities,HDFCBANK,918,1493.5166,1371048.24,CP_001,MCX,Settled,,False
TRD-IMJN-13571879,2026-03-31 14:28:00,T009,Equities,RELIANCE,993,2396.4535,2379678.33,CP_007,BSE,Settled,,False
TRD-VESW-98279638,2026-03-31 16:04:09,T025,Rates,IN10Y,183,101.3584,18548.59,CP_008,MSEI,Settled,,False
TRD-PTGA-58319687,2026-04-01 10:12:57,T021,FX,USD/INR,172,83.4927,14360.74,CP_015,BSE,Settled,,False
TRD-CIJL-63454381,2026-04-01 12:49:33,T013,Credit,RELIANCE_BOND,747,1006.0315,751505.53,CP_015,NDS-OM,Settled,,False
TRD-MFDS-68878487,2026-04-01 15:31:38,T015,Rates,MIBOR,467,7.4809,3493.58,CP_014,MCX,Settled,,False
TRD-FFAL-48973096,2026-04-01 16:01:00,T018,Commodities,MCX_COPPER,1522,753.2292,1146414.84,CP_018,NDS-OM,Settled,,False
TRD-ZHJS-48770403,2026-04-02 03:04:19,T023,Rates,IN10Y,439,99.4227,43646.57,CP_017,NDS-OM,Settled,off_hours,True
TRD-LDRN-33669189,2026-04-02 09:19:50,T015,Equities,RELIANCE,358,2320.2806,830660.45,CP_002,OTC,Settled,,False
TRD-PHHR-33301711,2026-04-02 13:39:51,T021,Equities,HDFCBANK,2200,1628.2355,3582118.1,CP_017,NSE,Settled,,False
TRD-BQZA-83133882,2026-04-02 15:41:05,T023,Rates,IN2Y,681,99.5549,67796.89,CP_004,NSE,Settled,,False
TRD-ZURR-72681602,2026-04-02 16:26:56,T018,Equities,INFY,191,1606.5207,306845.45,CP_016,NSE,Settled,,False
TRD-KFOW-18698219,2026-04-03 09:44:07,T014,FX,USD/INR,494,82.8172,40911.7,CP_015,,Settled,missing_field,True
TRD-NMGK-65493507,2026-04-03 11:54:38,T022,Equities,RELIANCE,636,2991.7779,1902770.74,CP_015,NSE,Settled,,False
TRD-GQZB-40470017,2026-04-03 12:00:04,T023,Commodities,MCX_SILVER,792,84574.1848,66982754.36,CP_002,BSE,Settled,,False
TRD-DMTX-35041261,2026-04-03 14:42:22,T023,Credit,SBI_BOND,1020,1008.434,1028602.68,CP_003,OTC,Settled,,False
TRD-WAFO-60388687,2026-04-03 16:24:00,,Credit,HDFC_BOND,268,1006.972,269868.5,CP_018,BSE,Settled,missing_field,True
TRD-FYFM-30260793,2026-04-03 16:54:23,T003,Rates,IN10Y,590,100.6304,59371.94,CP_018,MSEI,Settled,,False
TRD-YFWS-73986187,2026-04-04 01:31:38,T015,FX,EUR/INR,581,92.3919,53679.69,CP_006,NDS-OM,Settled,off_hours,True
TRD-RYDS-18668568,2026-04-04 10:59:54,T006,Credit,SBI_BOND,497,1007.88,500916.36,CP_015,NDS-OM,Settled,,False
TRD-QZCG-54106041,2026-04-04 15:11:23,T029,Rates,IN10Y,11351,100.4195,1139861.74,CP_013,MCX,Settled,volume_spike,True
TRD-OLBL-48194860,2026-04-04 15:15:09,T021,Credit,HDFC_BOND,174,999.0263,173830.58,CP_001,NSE,Settled,,False
TRD-AHNK-36451880,2026-04-04 16:50:21,T029,Rates,IN2Y,1014,99.6769,101072.38,CP_002,NSE,Settled,,False
TRD-RSKN-93307445,2026-04-05 04:52:50,T010,Rates,IN10Y,391,99.1681,38774.73,CP_010,MCX,Settled,off_hours,True
TRD-GGSB-36772521,2026-04-05 10:53:05,T003,Credit,SBI_BOND,404,1011.8975,408806.59,CP_014,NSE,Settled,,False
TRD-YPTF-26229388,2026-04-05 12:52:34,T009,Credit,SBI_BOND,1314,995.7337,1308394.08,CP_018,MSEI,Settled,,False
TRD-WCBD-75173652,2026-04-05 13:05:32,T030,Rates,IN10Y,214,100.1376,21429.45,CP_007,BSE,Settled,,False
TRD-LIBC-32983884,2026-04-05 14:06:35,T022,Rates,IN10Y,453,102.289,46336.92,CP_013,MCX,Settled,,False
TRD-KAGI-10524204,2026-04-05 15:42:24,T022,Equities,TCS,876,3577.6862,3134053.11,CP_006,OTC,Settled,,False
TRD-VAKF-78075103,2026-04-05 16:18:34,T001,Credit,RELIANCE_BOND,602,1014.002,610429.2,CP_004,NDS-OM,Settled,,False
TRD-NMTB-18785060,2026-04-06 01:56:56,T011,Credit,SBI_BOND,4220,1013.8946,4278635.21,CP_008,NSE,Settled,off_hours,True
TRD-WMEQ-61452097,2026-04-06 09:21:49,T005,Rates,IN10Y,213,98.6257,21007.27,CP_009,BSE,Settled,,False
TRD-QEEF-87406638,2026-04-06 10:04:19,T013,Commodities,MCX_SILVER,729,78284.3078,57069260.39,CP_016,OTC,Settled,,False
TRD-BISK-52864207,2026-04-06 10:08:17,T020,Rates,IN2Y,1152,100.1456,115367.73,CP_019,OTC,Settled,,False
TRD-EHXD-51026235,2026-04-06 11:51:36,T010,FX,EUR/INR,332,91.3016,30312.13,CP_003,BSE,Settled,,False
TRD-MKNH-96614474,2026-04-06 13:45:11,T001,Credit,RELIANCE_BOND,1378,1015.3731,1399184.13,CP_011,MCX,Settled,,False
TRD-YGUD-19013052,2026-04-06 14:09:28,T003,Commodities,MCX_CRUDE,519,6250.6019,3244062.39,CP_016,NDS-OM,Settled,,False
TRD-IWXP-88674606,2026-04-06 15:43:38,T020,FX,GBP/INR,480,104.6049,50210.35,CP_002,NSE,Settled,,False
TRD-RDGB-03551830,2026-04-07 09:19:18,T007,Credit,RELIANCE_BOND,955,998.596,953659.18,CP_014,OTC,Settled,,False
TRD-AORG-24002428,2026-04-07 10:03:41,T018,FX,JPY/INR,1059,0.5285,559.68,CP_001,NSE,Pending,,False
TRD-FWVN-64013292,2026-04-07 10:53:12,T010,Commodities,MCX_CRUDE,1197,6608.3341,7910175.92,CP_008,MCX,Settled,,False
TRD-CFES-18421046,2026-04-07 12:25:38,T002,Rates,IN10Y,1400,101.8058,142528.12,CP_001,BSE,Settled,,False
TRD-JBWO-51043720,2026-04-07 13:29:43,T024,FX,USD/INR,372,84.1341,31297.89,CP_018,NDS-OM,Settled,,False
TRD-FZST-47517522,2026-04-07 14:32:37,T004,Credit,HDFC_BOND,698,1007.5733,703286.16,CP_015,OTC,Settled,,False
TRD-YIVU-24553828,2026-04-07 14:44:26,T014,Rates,MIBOR,520,7.2938,3792.78,CP_005,MCX,Settled,,False
TRD-GOGE-52029174,2026-04-07 15:52:31,T004,Rates,IN10Y,1037,101.1399,104882.08,CP_014,MCX,Settled,,False
TRD-AWPA-06937551,2026-04-08 09:18:38,T010,Rates,MIBOR,888,7.3176,6498.03,CP_012,NSE,Settled,,False
TRD-ZUJA-66105344,2026-04-08 09:25:17,T007,Rates,IN91D,611,99.6339,60876.31,CP_004,NDS-OM,Settled,,False
TRD-WZCI-33286993,2026-04-08 10:46:29,T021,Rates,IN10Y,782,99.2277,77596.06,CP_012,NSE,Settled,,False
TRD-VEPE-72711516,2026-04-08 11:06:25,T012,Commodities,MCX_GOLD,982,66493.6747,65296788.56,CP_011,OTC,Pending,,False
TRD-COQG-79712962,2026-04-08 11:51:08,T003,Credit,RELIANCE_BOND,1204,1015.5419,1222712.45,CP_015,NSE,Settled,,False
TRD-IGBO-09639883,2026-04-08 12:03:42,T029,FX,EUR/INR,301,92.1332,27732.09,CP_017,BSE,Settled,,False
TRD-ZEDV-12540784,2026-04-08 12:33:43,T015,FX,EUR/INR,719,89.8088,64572.53,CP_001,NSE,Settled,,False
TRD-RSGB-01073218,2026-04-08 13:32:45,T009,Equities,HDFCBANK,2009,1488.0776,2989547.9,CP_014,NDS-OM,Cancelled,,False
TRD-TOXD-35747289,2026-04-08 14:55:12,T023,Credit,HDFC_BOND,800,1011.059,808847.2,CP_008,OTC,Settled,,False
TRD-HTCM-74129957,2026-04-09 10:08:20,T021,Credit,RELIANCE_BOND,2300,1020.5654,2347300.42,CP_003,NDS-OM,Settled,,False
TRD-AEFQ-42853611,2026-04-09 10:18:27,T006,Rates,IN91D,1419,99.2977,140903.44,CP_015,NSE,Cancelled,,False
TRD-ULYY-28706060,2026-04-09 11:38:20,T030,Commodities,MCX_GOLD,623,72979.1422,45466005.59,CP_020,BSE,Settled,,False
TRD-HPNG-65377000,2026-04-09 13:06:37,T001,FX,EUR/INR,1092,91.4183,99828.78,CP_010,OTC,Settled,,False
TRD-LXXR-28434105,2026-04-10 12:07:01,T024,Rates,IN91D,517,100.0496,51725.64,CP_006,NDS-OM,Settled,,False
TRD-ZXWH-84722700,2026-04-10 13:55:02,T015,FX,EUR/INR,749,91.6249,68627.05,CP_009,MCX,Settled,,False
TRD-UYQD-27926481,2026-04-10 16:13:55,T030,Commodities,MCX_SILVER,410,71887.2496,29473772.34,CP_011,MCX,Cancelled,,False
TRD-KDER-20703659,2026-04-11 11:45:13,T003,Credit,RELIANCE_BOND,661,1002.2617,662494.98,CP_014,NDS-OM,Settled,,False
TRD-DDAE-19034933,2026-04-11 13:38:34,T006,Commodities,MCX_CRUDE,5197,5562.1344,28906412.48,CP_011,MSEI,Settled,,False
TRD-CENG-26159328,2026-04-11 15:55:30,T002,Commodities,MCX_GOLD,224,66593.579,14916961.7,CP_013,MCX,Settled,,False
TRD-EPIT-38569796,2026-04-12 02:12:56,T027,Commodities,MCX_GOLD,411,64423.6974,26478139.63,CP_007,NSE,Settled,off_hours,True
TRD-XIEP-97964283,2026-04-12 03:19:47,T015,FX,EUR/INR,1692,92.4691,156457.72,CP_011,MCX,Settled,off_hours,True
TRD-ZWKK-78580168,2026-04-12 09:53:07,T017,Equities,HDFCBANK,759,1521.0449,1154473.08,CP_005,MCX,Settled,,False
TRD-BQZM-99581816,2026-04-12 10:22:15,T024,FX,GBP/INR,144,106.6265,15354.22,CP_004,OTC,Settled,,False
TRD-PIKZ-55238484,2026-04-12 13:08:59,T012,Equities,ICICIBANK,626,1092.649,683998.27,CP_003,BSE,Settled,,False
TRD-DFLU-12230417,2026-04-12 13:53:44,T003,Equities,HDFCBANK,5512,1583.4363,8727900.89,CP_014,MSEI,Settled,,False
TRD-TMQZ-39525807,2026-04-12 14:01:40,T009,Commodities,MCX_COPPER,999,699.4981,698798.6,CP_015,NDS-OM,Settled,,False
TRD-UWLE-70923005,2026-04-12 15:11:43,T019,Commodities,MCX_COPPER,1804,754.6846,1361451.02,CP_013,NSE,Settled,,False
TRD-KGRK-42079247,2026-04-12 15:32:02,T002,Equities,TCS,3442,4117.4307,14172196.47,CP_002,BSE,Settled,,False
TRD-UDHE-54072515,2026-04-13 09:28:58,T026,Credit,HDFC_BOND,1971,993.0337,1957269.42,CP_019,MSEI,Settled,,False
TRD-DPNW-07100885,2026-04-13 11:10:20,T028,Equities,ICICIBANK,461,970.3565,447334.35,CP_017,NDS-OM,Settled,,False
TRD-NJUN-80058745,2026-04-13 13:21:39,T023,FX,JPY/INR,159,0.5479,87.12,CP_013,MSEI,Settled,,False
TRD-WRUE-48636102,2026-04-13 13:35:59,T019,Equities,RELIANCE,714,2444.9865,1745720.36,CP_019,MSEI,Settled,,False
TRD-QRHO-84784455,2026-04-13 15:23:02,T013,Rates,IN91D,626,99.3289,62179.89,CP_002,OTC,Settled,,False
TRD-FBGG-74703066,2026-04-13 16:00:21,T030,Equities,RELIANCE,1103,2691.54,2968768.62,CP_020,BSE,Settled,,False
TRD-RATT-76427043,2026-04-13 16:07:17,T015,Rates,IN2Y,657,99.3677,65284.58,CP_008,BSE,Settled,,False
TRD-CLPK-49998258,2026-04-14 10:31:45,T030,Credit,RELIANCE_BOND,1852,1014.2986,1878481.01,CP_015,NSE,Settled,,False
TRD-TXBU-56511060,2026-04-14 11:31:50,T025,Equities,ICICIBANK,1918,1114.9362,2138447.63,CP_003,BSE,Settled,duplicate_id,True
TRD-TXBU-56511060,2026-04-14 11:35:39,T025,Equities,ICICIBANK,2109,1114.9362,2351400.45,CP_003,BSE,Settled,duplicate_id,True
TRD-QAXM-52258026,2026-04-14 13:54:09,T005,Commodities,MCX_GOLD,697,66869.964,46608364.91,CP_018,MCX,Settled,,False
TRD-XNJK-95245197,2026-04-14 15:10:03,T004,Equities,ICICIBANK,834,1073.1726,895025.95,CP_011,BSE,Cancelled,,False
TRD-OMGQ-81233639,2026-04-14 16:39:38,T002,Credit,SBI_BOND,430,1013.9691,436006.71,CP_010,MSEI,Settled,,False
TRD-DAGB-73228830,2026-04-14 16:46:41,T024,Rates,IN91D,2354,100.0418,235498.4,CP_016,NDS-OM,Settled,,False
TRD-IFHZ-17452591,2026-04-15 09:18:46,T010,Commodities,MCX_CRUDE,2100,6369.2821,13375492.41,CP_019,OTC,Cancelled,,False
TRD-YOBJ-07856611,2026-04-15 11:11:15,T019,Credit,HDFC_BOND,1278,1016.1884,1298688.78,CP_011,MSEI,Settled,,False
TRD-CBGL-27664352,2026-04-15 11:19:00,T013,Credit,SBI_BOND,180,1008.879,181598.22,CP_011,OTC,Settled,,False
TRD-IVDI-49570814,2026-04-15 13:36:02,T025,Commodities,MCX_GOLD,463,74527.0597,34506028.64,CP_006,NDS-OM,Settled,,False
TRD-NGGB-28259611,2026-04-15 13:53:10,T009,Commodities,MCX_CRUDE,857,5765.943,4941413.15,CP_016,MCX,Settled,,False
TRD-SSPM-65278669,2026-04-15 15:24:05,T022,Credit,HDFC_BOND,908,993.3612,901971.97,CP_018,BSE,Settled,,False
TRD-DMPJ-46238698,2026-04-16 09:37:32,,Equities,TCS,1490,3957.9772,5897386.03,CP_004,MCX,Settled,missing_field,True
TRD-ORXZ-89183373,2026-04-16 13:56:38,T023,Rates,IN91D,1090,99.926,108919.34,CP_009,OTC,Settled,,False
TRD-JDVX-78341923,2026-04-16 14:34:43,T006,Commodities,MCX_COPPER,246,794.4421,195432.76,CP_016,NSE,Settled,,False
TRD-DFQN-83766067,2026-04-17 09:03:50,T011,Equities,ICICIBANK,2285,1029.7009,2352866.56,CP_008,BSE,Settled,,False
TRD-DQSH-40193977,2026-04-17 11:37:27,T021,Credit,HDFC_BOND,1238,1001.5529,1239922.49,CP_016,NSE,Settled,,False
TRD-OBFM-48227887,2026-04-17 12:46:26,T016,Equities,RELIANCE,1761,2367.312,4168836.43,CP_018,BSE,Settled,,False
TRD-OIVI-10177629,2026-04-17 14:03:01,T005,Rates,IN2Y,1280,99.553,127427.84,CP_019,MSEI,Pending,,False
TRD-YNEJ-58192200,2026-04-17 14:13:29,T011,Rates,MIBOR,1392,6.7425,9385.56,CP_011,NDS-OM,Settled,,False
TRD-PHSH-14164365,2026-04-17 14:14:24,T019,Equities,TCS,982,3453.197,3391039.45,CP_008,NDS-OM,Settled,,False
TRD-CQKB-98655264,2026-04-17 15:15:55,T029,Rates,MIBOR,1257,6.8357,8592.47,CP_006,MCX,Pending,,False
TRD-VSED-73437901,2026-04-17 15:43:53,T018,Rates,IN91D,1993,100.0037,199307.37,CP_011,NSE,Settled,,False
TRD-CPAR-50724950,2026-04-17 16:03:09,T023,Equities,HDFCBANK,1268,1514.9416,1920945.95,CP_009,NSE,Settled,,False
TRD-KUKZ-72462104,2026-04-17 16:36:03,T018,Commodities,MCX_COPPER,342,706.1194,241492.83,CP_015,MSEI,Settled,,False
TRD-BJBQ-55295871,2026-04-18 11:31:18,T005,Commodities,MCX_SILVER,586,76073.5146,44579079.56,CP_006,MCX,Settled,,False
TRD-GRPX-19923830,2026-04-18 12:51:12,T005,Equities,INFY,2045,1691.5346,3459188.26,CP_001,NSE,Settled,,False
TRD-TKUX-60330688,2026-04-18 13:44:59,T029,FX,JPY/INR,259,0.544,140.9,CP_012,NDS-OM,Cancelled,,False
TRD-SKFC-89573627,2026-04-18 14:50:27,T004,FX,JPY/INR,267,0.5564,148.56,CP_001,NSE,Settled,,False
TRD-NUSV-34776827,2026-04-18 16:27:52,T024,Commodities,MCX_COPPER,5071,713.8593,3619980.51,CP_019,MCX,Settled,,False
TRD-XMQF-87477819,2026-04-19 12:06:29,T004,Credit,RELIANCE_BOND,1081,995.9355,1076606.28,CP_005,NSE,Settled,,False
TRD-LRXC-17060018,2026-04-19 15:59:04,T010,Commodities,MCX_SILVER,718,79739.3319,57252840.3,CP_006,OTC,Settled,,False
TRD-WOAY-18296196,2026-04-20 09:23:12,T010,Commodities,MCX_COPPER,1013,681.5394,690399.41,CP_019,MCX,Settled,,False
TRD-LHQF-53397474,2026-04-20 11:52:43,T023,Rates,MIBOR,270,6.792,1833.84,CP_010,OTC,Settled,,False
TRD-MDJI-17731471,2026-04-20 13:29:32,T020,Credit,RELIANCE_BOND,703,1006.5831,707627.92,CP_014,NSE,Settled,,False
TRD-XYQP-55769425,2026-04-21 10:41:55,T028,Rates,IN91D,1086,99.343,107886.5,CP_003,OTC,Settled,,False
TRD-NOIH-35502088,2026-04-21 11:56:41,T010,Credit,SBI_BOND,629,998.1231,627819.43,CP_006,MCX,Settled,,False
TRD-HBBH-25084941,2026-04-21 13:29:41,T001,Commodities,MCX_GOLD,145,74222.9931,10762334.0,CP_002,NDS-OM,Settled,,False
TRD-TVWZ-62861560,2026-04-21 15:18:41,T002,Commodities,MCX_SILVER,174,71182.0269,12385672.68,CP_008,NDS-OM,Settled,,False
TRD-KVIJ-18960607,2026-04-21 15:52:48,T018,Credit,HDFC_BOND,441,1006.704,443956.46,CP_002,NDS-OM,Settled,,False
TRD-LHRP-38830042,2026-04-22 09:39:05,T014,Commodities,MCX_SILVER,1709,75353.7525,128779563.02,CP_019,OTC,Settled,,False
TRD-TJEX-58179898,2026-04-22 10:34:03,T030,Credit,HDFC_BOND,89,992.407,88324.22,CP_003,NDS-OM,Settled,,False
TRD-IDQN-49473091,2026-04-22 13:13:02,T030,FX,USD/INR,346,83.2594,28807.75,CP_002,NDS-OM,Settled,,False
TRD-HNRO-02913887,2026-04-22 15:35:25,T018,FX,USD/INR,1645,83.0926,136687.33,CP_011,MCX,Settled,volume_spike,True
TRD-UYGV-00766106,2026-04-22 16:00:22,T010,FX,JPY/INR,1234,0.5637,695.61,CP_013,NDS-OM,Settled,,False
TRD-WSUP-24018509,2026-04-22 16:20:11,T013,Commodities,MCX_SILVER,762,73542.368,56039284.42,CP_011,MCX,Settled,,False
TRD-IYJI-50089992,2026-04-23 12:09:45,T011,Equities,TCS,2020,4020.4221,8121252.64,CP_008,MSEI,Settled,,False
TRD-NIWN-03285498,2026-04-24 09:45:13,T007,Credit,HDFC_BOND,103,1017.5957,104812.36,CP_009,MSEI,Settled,,False
TRD-YPFX-88687431,2026-04-24 13:57:58,T028,Rates,MIBOR,633,6.6403,4203.31,CP_002,NSE,Settled,,False
TRD-JOPA-57055951,2026-04-25 09:22:34,T011,Rates,IN2Y,888,101.0345,89718.64,CP_006,MSEI,Settled,,False
TRD-IURW-42443247,2026-04-25 11:50:19,T020,FX,USD/INR,1453,82.5486,119943.12,CP_019,MCX,Settled,,False
TRD-FMHV-20031821,2026-04-25 12:23:43,T019,Rates,MIBOR,1232,7.2584,8942.35,CP_015,NDS-OM,Settled,,False
TRD-XNQG-89811789,2026-04-25 15:04:09,T024,Equities,TCS,159,4192.4041,666592.25,CP_001,NSE,Settled,,False
TRD-CCBX-62035057,2026-04-25 15:37:25,T017,FX,EUR/INR,1559,90.5696,141198.01,CP_003,NDS-OM,Settled,,False
TRD-VQCP-79749628,2026-04-25 16:01:23,T018,Equities,TCS,521,3937.2586,2051311.73,CP_019,MCX,Settled,,False
TRD-PMDH-62534083,2026-04-25 16:04:07,T027,Credit,RELIANCE_BOND,608,1012.5294,615617.88,CP_016,OTC,Settled,,False
TRD-MZAE-20935719,2026-04-26 09:43:19,T009,Rates,MIBOR,767,6.7794,5199.8,CP_006,NSE,Cancelled,,False
TRD-TQAT-33754243,2026-04-26 10:27:38,T027,FX,JPY/INR,276,0.5429,149.84,CP_006,OTC,Settled,,False
TRD-YSPX-90019574,2026-04-26 12:17:10,T026,Credit,RELIANCE_BOND,472,999.8366,471922.88,CP_004,NDS-OM,Settled,,False
TRD-WFEJ-81981748,2026-04-26 13:19:16,T008,Rates,MIBOR,764,6.6319,5066.77,CP_004,MSEI,Settled,,False
TRD-EDHH-23465937,2026-04-26 15:34:45,T008,Equities,TCS,1317,3408.6701,4489218.52,CP_017,OTC,Settled,,False
TRD-TCWB-81000815,2026-04-26 16:48:04,T019,Rates,IN91D,854,100.1448,85523.66,CP_005,OTC,Settled,,False
TRD-UDHA-87175078,2026-04-27 09:29:03,T006,Rates,IN10Y,1465,101.5836,148819.97,CP_019,NDS-OM,Settled,,False
TRD-XSQJ-30861047,2026-04-27 09:42:07,T015,Rates,IN2Y,2358,99.319,234194.2,CP_010,BSE,Settled,,False
TRD-YJQR-95124048,2026-04-27 11:18:27,T001,Commodities,MCX_SILVER,1452,79681.8564,115698055.49,CP_020,MCX,Settled,,False
TRD-GDTQ-96318505,2026-04-27 11:49:41,T024,Credit,SBI_BOND,1150,1014.6476,1166844.74,CP_014,MCX,Cancelled,,False
TRD-WKXD-41053454,2026-04-27 13:49:50,T028,Equities,RELIANCE,817,3030.5924,2475993.99,CP_014,MCX,Pending,,False
TRD-WGJI-19926126,2026-04-27 16:14:54,T004,Equities,TCS,1058,4042.7847,4277266.21,CP_012,OTC,Settled,,False
TRD-YQSS-84219077,2026-04-28 10:22:49,T018,Equities,TCS,201,4004.4409,804892.62,CP_014,OTC,Settled,,False
TRD-MFYH-42622952,2026-04-28 12:07:08,T028,Rates,MIBOR,222,7.7403,1718.35,CP_003,NDS-OM,Settled,,False
TRD-FUTU-39370455,2026-04-28 14:49:10,T003,Rates,IN2Y,1744,99.733,173934.35,CP_017,MSEI,Settled,,False
TRD-ZCMP-36310005,2026-04-29 09:37:35,T018,Rates,IN2Y,500,100.7418,50370.9,CP_011,MSEI,Settled,,False
TRD-IADH-71787936,2026-04-29 11:30:20,T030,FX,EUR/INR,663,90.8799,60253.37,CP_008,NSE,Settled,,False
TRD-JAIO-13686300,2026-04-29 11:44:19,T029,FX,JPY/INR,508,0.5513,280.06,CP_001,NSE,Settled,,False
TRD-FAKZ-67318299,2026-04-29 13:42:05,T006,Equities,TCS,549,3904.9109,2143796.08,CP_008,BSE,Settled,,False
TRD-FTXF-09286663,2026-04-29 14:38:16,T026,FX,GBP/INR,417,104.0926,43406.61,CP_002,MSEI,Settled,,False
TRD-RGAS-18365954,2026-04-29 15:03:12,T017,Commodities,MCX_COPPER,2725,693.6047,1890072.81,CP_012,OTC,Settled,,False
TRD-ABOH-57662361,2026-04-29 15:20:11,T015,Credit,RELIANCE_BOND,404,1017.4478,411048.91,CP_018,MCX,Settled,,False
TRD-WJNU-11592918,2026-04-29 16:33:22,T025,Rates,IN10Y,231,99.9439,23087.04,CP_019,BSE,Cancelled,,False
TRD-VBUE-49759906,2026-04-29 16:56:24,T012,Equities,HDFCBANK,1848,1617.43,2989010.64,CP_018,NDS-OM,Settled,,False
TRD-LNCP-30048939,2026-04-30 09:08:32,T019,Equities,HDFCBANK,759,1512.6749,1148120.25,CP_011,NSE,Settled,,False
TRD-QZEQ-67216123,2026-04-30 10:24:32,T015,Rates,IN91D,275,99.328,27315.2,CP_018,MCX,Settled,,False
TRD-PLZJ-58919050,2026-04-30 10:49:18,T008,Commodities,MCX_COPPER,2945,767.8581,2261342.1,CP_010,NSE,Settled,,False
TRD-FIGI-23457041,2026-04-30 11:56:26,T001,Equities,TCS,561,3583.0385,2010084.6,CP_006,MSEI,Pending,,False
TRD-SSVU-83581706,2026-04-30 12:45:28,T015,Equities,RELIANCE,782,2957.488,2312755.62,CP_017,OTC,Settled,,False
TRD-OJMJ-60935010,2026-04-30 13:11:31,T002,Credit,RELIANCE_BOND,462,1015.7683,469284.95,CP_003,NSE,Settled,,False
TRD-KJJF-62865088,2026-04-30 13:56:28,T008,Equities,RELIANCE,210,2374.4822,498641.26,CP_015,OTC,Settled,,False
TRD-FIXJ-44588789,2026-04-30 15:29:21,T006,Equities,HDFCBANK,250,1632.9239,408230.97,CP_012,MCX,Settled,,False
TRD-NDPV-97931563,2026-05-01 10:53:31,T020,Equities,HDFCBANK,2973,1429.3502,4249458.14,CP_014,MCX,Settled,,False
TRD-JLFW-13688018,2026-05-02 09:36:18,T016,Credit,SBI_BOND,1231,1001.508,1232856.35,CP_016,NDS-OM,Settled,,False
TRD-YGXM-29807842,2026-05-02 09:43:00,T021,Rates,IN2Y,805,99.6676,80232.42,CP_008,,Settled,missing_field,True
TRD-IGZA-06459436,2026-05-02 10:32:43,T029,FX,GBP/INR,1034,106.4938,110114.59,CP_002,BSE,Settled,,False
TRD-SEXJ-43007253,2026-05-02 11:00:13,T017,Equities,RELIANCE,1027,2431.4126,2497060.74,CP_015,MCX,Settled,,False
TRD-UYGN-17636827,2026-05-02 11:13:44,,Credit,RELIANCE_BOND,341,1017.3052,346901.07,CP_001,MCX,Settled,missing_field,True
TRD-YDSH-18538789,2026-05-02 11:42:30,T018,FX,EUR/INR,908,91.3188,82917.47,CP_006,MCX,Settled,,False
TRD-DOWW-64945776,2026-05-02 11:43:49,T018,Commodities,MCX_SILVER,768,77468.0813,59495486.44,CP_001,MSEI,Settled,,False
TRD-MVSC-09262407,2026-05-02 12:42:37,T027,Commodities,MCX_CRUDE,560,7150.799,4004447.44,CP_006,NDS-OM,Settled,,False
TRD-VPWB-25365003,2026-05-02 23:17:23,T027,FX,GBP/INR,447,107.5081,48056.12,CP_015,OTC,Settled,off_hours,True
TRD-RVSO-82333763,2026-05-03 12:10:28,T003,Credit,RELIANCE_BOND,925,996.9607,922188.65,CP_002,MCX,Settled,,False
TRD-XGGB-27907074,2026-05-03 12:18:02,T009,Commodities,MCX_GOLD,350,63932.6155,22376415.43,CP_008,OTC,Settled,,False
TRD-FSON-64941796,2026-05-03 13:32:42,T021,Equities,RELIANCE,312,2715.0325,847090.14,CP_020,MCX,Settled,,False
TRD-MIHP-40232776,2026-05-03 13:42:26,T011,FX,GBP/INR,79,107.6811,8506.81,CP_013,MSEI,Settled,,False
TRD-QKFY-85305954,2026-05-03 13:56:09,T022,Rates,IN2Y,298,100.0636,29818.95,CP_017,BSE,Settled,,False
TRD-JSJL-11647563,2026-05-03 14:56:49,T020,FX,USD/INR,522,82.7224,43181.09,CP_005,OTC,Settled,,False
TRD-QHBQ-27877132,2026-05-04 09:14:52,T002,Equities,INFY,367,1509.9086,554136.46,CP_011,NDS-OM,Settled,,False
TRD-YCYH-37599268,2026-05-04 09:45:08,T023,Equities,RELIANCE,1447,2910.8846,4212050.02,CP_001,BSE,Settled,,False
TRD-IWGW-05592050,2026-05-04 12:24:36,T012,Credit,SBI_BOND,947,1001.4591,948381.77,CP_019,MCX,Cancelled,,False
TRD-BBPS-52518746,2026-05-04 15:17:33,T003,FX,GBP/INR,3730,105.9135,395057.35,CP_009,MSEI,Cancelled,,False
TRD-TTTK-62459861,2026-05-04 15:35:33,T005,Commodities,MCX_COPPER,824,747.3596,615824.31,CP_013,BSE,Settled,,False
TRD-IEGG-87396309,2026-05-04 16:12:14,T005,Equities,INFY,2335,1671.9063,3903901.21,CP_005,NSE,Settled,,False
TRD-IHCF-92736027,2026-05-05 11:10:42,T020,Equities,ICICIBANK,166,977.2743,162227.53,CP_020,MCX,Settled,,False
TRD-CNLU-57649540,2026-05-05 12:13:57,T028,FX,USD/INR,673,84.2991,56733.29,CP_019,NDS-OM,Settled,,False
TRD-KCTQ-41515002,2026-05-05 12:44:45,T016,Rates,IN91D,249,99.6845,24821.44,CP_011,NDS-OM,Settled,,False
TRD-RJVQ-25315775,2026-05-05 12:49:18,T003,FX,USD/INR,82,83.1085,6814.9,CP_008,NSE,Settled,,False
TRD-PILH-57146385,2026-05-05 12:50:30,T026,Commodities,MCX_COPPER,296,692.389,204947.14,CP_014,BSE,Settled,,False
TRD-IXOI-78853604,2026-05-05 14:13:41,T016,Equities,ICICIBANK,401,1041.214,417526.81,CP_013,MSEI,Settled,,False
TRD-AFQC-35126116,2026-05-06 10:15:19,T004,Equities,INFY,590,1452.9161,857220.5,CP_006,MCX,Settled,,False
TRD-EHRW-04987623,2026-05-06 11:02:18,T030,Rates,IN2Y,694,100.3077,69613.54,CP_016,MSEI,Settled,,False
TRD-SSPW-58839730,2026-05-06 13:48:47,T026,Equities,HDFCBANK,1838,1416.891,2604245.66,CP_015,BSE,Settled,,False
TRD-VLBW-82976636,2026-05-07 09:07:04,T029,Commodities,MCX_COPPER,1531,751.1999,1150087.05,CP_005,OTC,Settled,,False
TRD-VTWM-55883153,2026-05-07 09:18:45,T003,Equities,INFY,115,1624.2413,186787.75,CP_012,NDS-OM,Settled,,False
TRD-ZSDU-04070969,2026-05-07 09:38:20,T016,Rates,IN2Y,584,100.2379,58538.93,CP_001,NSE,Pending,,False
TRD-PMUD-94281088,2026-05-07 09:45:08,T017,Credit,RELIANCE_BOND,1314,1013.837,1332181.82,CP_007,OTC,Settled,,False
TRD-FTYL-42796193,2026-05-07 12:02:36,T023,Credit,SBI_BOND,613,1005.0683,616106.87,CP_004,BSE,Settled,,False
TRD-XIWA-27715218,2026-05-07 13:37:18,T015,Rates,IN91D,339,99.9234,33874.03,CP_004,NDS-OM,Settled,duplicate_id,True
TRD-XIWA-27715218,2026-05-07 13:38:04,T015,Rates,IN91D,372,99.9234,37171.5,CP_004,NDS-OM,Settled,duplicate_id,True
TRD-QFBQ-71596145,2026-05-08 09:03:37,T016,FX,GBP/INR,199,107.884,21468.92,CP_017,OTC,Settled,,False
TRD-DMLF-15218407,2026-05-08 09:48:42,T013,FX,GBP/INR,586,104.7892,61406.47,CP_010,NSE,Settled,,False
TRD-ADOZ-95665449,2026-05-08 11:27:11,T009,Commodities,MCX_COPPER,328,755.9775,247960.62,CP_015,BSE,Settled,,False
TRD-ZLGH-56205590,2026-05-08 13:02:03,T018,FX,EUR/INR,309,89.8304,27757.59,CP_010,MSEI,Pending,,False
TRD-WGIU-75491756,2026-05-08 13:07:51,T012,FX,GBP/INR,530,107.6475,57053.17,CP_014,NDS-OM,Settled,,False
TRD-ONWN-69558826,2026-05-08 13:21:29,T026,Equities,INFY,5069,1535.2518,7782191.37,CP_007,OTC,Settled,,False
TRD-YENG-28555499,2026-05-08 14:22:46,T027,Commodities,MCX_SILVER,255,81533.2434,20790977.07,CP_005,BSE,Settled,,False
TRD-YQIK-04116486,2026-05-09 09:40:38,T026,Credit,SBI_BOND,693,1009.8154,699802.07,CP_008,MSEI,Settled,,False
TRD-OIJZ-89091309,2026-05-09 10:49:25,T028,Rates,IN91D,1101,100.1362,110249.96,CP_017,NSE,Settled,,False
TRD-TJBP-39526584,2026-05-09 12:37:13,T027,Equities,RELIANCE,1917,2336.2432,4478578.21,CP_008,MCX,Settled,,False
TRD-ABEO-04738310,2026-05-09 16:32:23,T002,FX,JPY/INR,1138,0.5355,609.4,CP_016,OTC,Settled,,False
TRD-URCC-19117483,2026-05-10 10:19:50,T013,FX,JPY/INR,385,0.5441,209.48,CP_016,NDS-OM,Settled,,False
TRD-ZXLT-60197155,2026-05-10 11:05:11,T014,Rates,IN10Y,2225,99.494,221374.15,CP_015,OTC,Settled,,False
TRD-AYQL-58042165,2026-05-10 11:21:35,T014,Equities,ICICIBANK,417,950.9264,396536.31,CP_015,BSE,Settled,,False
TRD-KUFX-02159041,2026-05-10 11:46:00,T023,Rates,IN2Y,1641,101.3607,166332.91,CP_019,NDS-OM,Settled,,False
TRD-BAVW-21868060,2026-05-10 11:53:29,T030,Credit,RELIANCE_BOND,2026,1011.0732,2048434.3,CP_005,OTC,Settled,,False
TRD-HXOH-98060497,2026-05-10 12:48:15,T022,Credit,RELIANCE_BOND,680,1005.6829,683864.37,CP_020,NSE,Settled,,False
TRD-AECO-97069609,2026-05-10 16:34:30,T012,Credit,SBI_BOND,669,1007.9993,674351.53,CP_011,OTC,Settled,,False
TRD-SSWL-30904474,2026-05-11 09:57:05,T001,Credit,HDFC_BOND,470,1008.882,474174.54,CP_009,BSE,Settled,,False
TRD-SFTW-97052250,2026-05-11 11:26:53,,Commodities,MCX_CRUDE,929,5773.2918,5363388.08,CP_004,OTC,Settled,missing_field,True
TRD-VRPF-00814662,2026-05-11 11:43:24,T006,Equities,ICICIBANK,466,979.9835,456672.31,CP_005,MCX,Settled,,False
TRD-UEHY-43498606,2026-05-11 15:12:52,T021,Credit,SBI_BOND,4063,1000.7448,4066026.12,CP_005,OTC,Settled,volume_spike,True
TRD-WPHM-94267445,2026-05-12 10:25:24,T013,FX,USD/INR,111,83.1028,9224.41,CP_018,NDS-OM,Settled,,False
TRD-GDWN-56922892,2026-05-12 11:24:29,T012,Equities,ICICIBANK,550,952.8787,524083.28,CP_018,NDS-OM,Settled,,False
TRD-SIDZ-84970267,2026-05-12 11:46:28,T002,Equities,TCS,662,3774.9285,2499002.67,CP_014,MCX,Settled,,False
TRD-IRLB-38782679,2026-05-12 12:13:47,T016,FX,EUR/INR,251,91.4216,22946.82,CP_009,MSEI,Settled,,False
TRD-ZPGR-32185040,2026-05-12 12:28:19,T015,Commodities,MCX_CRUDE,163,6309.2857,1028413.57,CP_009,NSE,Settled,,False
TRD-APBF-65753118,2026-05-12 14:59:01,T014,Equities,HDFCBANK,1460,1697.8894,2478918.52,CP_002,NDS-OM,Settled,,False
TRD-DDNZ-87505070,2026-05-12 15:02:01,T003,Commodities,MCX_GOLD,858,64027.9288,54935962.91,CP_007,BSE,Settled,,False
TRD-NKCH-65507113,2026-05-12 15:14:28,T019,FX,EUR/INR,831,89.2033,74127.94,CP_009,NSE,Settled,,False
TRD-RPPS-45958244,2026-05-13 10:35:18,T027,FX,JPY/INR,436,0.531,231.52,CP_020,MCX,Settled,,False
TRD-TJMW-36222809,2026-05-13 15:04:56,T015,Commodities,MCX_GOLD,456,70468.465,32133620.04,CP_010,MCX,Settled,,False
TRD-WKCC-09547989,2026-05-13 15:44:25,T003,Commodities,MCX_COPPER,1218,762.6413,928897.1,CP_018,OTC,Settled,,False
TRD-VICA-80103020,2026-05-13 16:22:09,T009,Equities,TCS,434,3934.9146,1707752.94,CP_007,MSEI,Settled,,False
TRD-GFRW-71802126,2026-05-14 12:52:25,T012,Equities,TCS,197,3441.1407,677904.72,CP_003,OTC,Settled,,False
TRD-JBWL-82972070,2026-05-14 14:05:37,T022,Commodities,MCX_SILVER,390,84804.0149,33073565.81,CP_005,MCX,Settled,,False
TRD-TWCN-48615267,2026-05-14 14:47:30,T023,Credit,SBI_BOND,765,1001.7599,766346.32,CP_013,NDS-OM,Cancelled,,False
TRD-RLGH-53618816,2026-05-14 15:25:01,T024,Equities,TCS,1315,3666.7993,4821841.08,CP_020,BSE,Settled,,False
TRD-EWGN-93350941,2026-05-14 16:35:33,T012,Commodities,MCX_CRUDE,1310,5515.635,7225481.85,CP_014,MSEI,Settled,,False
TRD-FNHI-23548775,2026-05-15 10:40:58,T010,Commodities,MCX_CRUDE,2031,5982.419,12150292.99,CP_012,OTC,Settled,,False
TRD-UISL-61167070,2026-05-15 13:02:48,T021,Commodities,MCX_COPPER,627,810.582,508234.91,CP_007,MCX,Settled,,False
TRD-INEK-39574171,2026-05-15 13:38:13,T023,Equities,INFY,483,1556.8198,751943.96,CP_011,BSE,Settled,,False
TRD-WLRM-34687242,2026-05-15 13:49:34,T020,Credit,RELIANCE_BOND,2265,1017.5815,2304822.1,,OTC,Cancelled,missing_field,True
TRD-NFGS-08464870,2026-05-15 14:15:16,T013,Rates,IN2Y,324,100.5939,32592.42,CP_005,MSEI,Settled,,False
TRD-GNQY-55831763,2026-05-16 13:28:56,T005,Equities,INFY,508,1548.6474,786712.88,CP_002,OTC,Settled,,False
TRD-KLQZ-90755766,2026-05-16 13:35:55,T001,Commodities,MCX_COPPER,411,689.1072,283223.06,CP_004,MSEI,Settled,,False
TRD-DUNT-55041873,2026-05-17 10:50:18,T028,FX,USD/INR,5270,82.9365,437075.35,CP_018,MCX,Settled,volume_spike,True
TRD-KJAA-76725145,2026-05-17 14:23:56,T010,FX,USD/INR,502,83.8055,42070.36,CP_005,NDS-OM,Settled,,False
TRD-FPYE-47635405,2026-05-17 14:27:52,T027,Rates,MIBOR,832,6.9494,5781.9,CP_020,BSE,Settled,,False
TRD-WWOE-42800044,2026-05-17 15:54:35,T025,Rates,IN2Y,1034,99.7051,103095.07,CP_020,OTC,Settled,,False
TRD-EXEA-84773902,2026-05-18 10:08:02,T002,Rates,MIBOR,238,7.4852,1781.48,CP_010,NDS-OM,Settled,,False
TRD-VYOV-94805595,2026-05-18 11:26:56,T027,Commodities,MCX_GOLD,322,66904.6941,21543311.5,CP_006,NSE,Cancelled,,False
TRD-DQUD-90102015,2026-05-18 12:17:35,T005,Credit,SBI_BOND,1549,1007.3001,1560307.85,CP_010,NDS-OM,Settled,,False
TRD-TFEK-24023409,2026-05-18 13:44:25,T009,Credit,RELIANCE_BOND,602,1014.3642,610647.25,CP_017,OTC,Settled,,False
TRD-YHKE-54590109,2026-05-18 13:52:00,T024,FX,JPY/INR,430,0.5738,246.73,CP_007,OTC,Settled,,False
TRD-MVKK-06032431,2026-05-19 09:37:30,T006,Commodities,MCX_SILVER,570,76099.7781,43376873.52,CP_017,MSEI,Settled,,False
TRD-MGCR-46473504,2026-05-19 11:03:28,T004,Commodities,MCX_COPPER,470,691.775,325134.25,CP_011,MSEI,Settled,,False
TRD-EYFN-39264781,2026-05-19 12:20:24,T009,Credit,RELIANCE_BOND,1297,1007.0255,1306112.07,CP_013,MCX,Settled,,False
TRD-GGOW-68638540,2026-05-19 12:53:54,T011,Rates,IN10Y,717,101.1547,72527.92,CP_005,NSE,Settled,,False
TRD-JQEZ-48370985,2026-05-19 13:37:24,T027,Credit,HDFC_BOND,2492,1008.3516,2512812.19,CP_012,NSE,Settled,,False
TRD-ICQC-02714785,2026-05-19 14:41:06,T022,FX,USD/INR,1566,82.6095,129366.48,CP_006,MSEI,Settled,,False
TRD-WFOZ-97289456,2026-05-19 16:02:11,T009,Credit,RELIANCE_BOND,3678,1021.3735,3756611.73,CP_013,BSE,Settled,volume_spike,True
TRD-BMKZ-36717999,2026-05-20 09:31:54,T011,Credit,HDFC_BOND,1724,1000.4763,1724821.14,CP_006,NDS-OM,Settled,,False
TRD-GSST-63147093,2026-05-20 10:21:10,T029,Rates,IN10Y,142,101.6629,14436.13,CP_013,BSE,Settled,,False
TRD-CDYP-81141292,2026-05-20 14:10:23,T012,Credit,RELIANCE_BOND,1422,1003.7369,1427313.87,CP_007,MSEI,Settled,,False
TRD-ZFUB-60217079,2026-05-21 10:00:32,T022,Credit,RELIANCE_BOND,1408,6911.8247,9731849.18,CP_012,OTC,Settled,price_outlier,True
TRD-FDWZ-87323846,2026-05-21 11:04:38,T003,Commodities,MCX_GOLD,1603,62826.2586,100710492.54,CP_008,NDS-OM,Settled,,False
TRD-QFNZ-64032844,2026-05-21 14:32:04,T010,Rates,IN10Y,1265,98.9683,125194.9,CP_015,NDS-OM,Settled,,False
TRD-INTW-17637539,2026-05-21 16:06:18,T014,Rates,IN10Y,720,102.2023,73585.66,CP_003,NSE,Settled,,False
TRD-XIJX-28935654,2026-05-21 16:18:16,T030,Equities,RELIANCE,1027,15374.0289,15789127.68,CP_014,NDS-OM,Settled,price_outlier,True
TRD-OPYD-73206764,2026-05-22 09:55:49,T025,Credit,RELIANCE_BOND,875,7052.3596,6170814.65,CP_001,NDS-OM,Pending,price_outlier,True
TRD-GNHM-09106584,2026-05-22 10:10:27,T009,Credit,SBI_BOND,1438,999.585,1437403.23,CP_014,MCX,Settled,,False
TRD-LUBS-22971772,2026-05-22 12:35:20,T025,Equities,HDFCBANK,372,1628.0684,605641.44,CP_010,NDS-OM,Settled,,False
TRD-VHYZ-44670189,2026-05-22 14:46:45,T008,Commodities,MCX_SILVER,1582,607623.5676,961260483.94,CP_018,MSEI,Settled,price_outlier,True
TRD-AUON-42741127,2026-05-22 15:04:37,T019,FX,EUR/INR,779,91.111,70975.47,CP_002,NDS-OM,Settled,,False
TRD-DWGF-30047081,2026-05-23 12:06:01,T007,Commodities,MCX_COPPER,1769,819.7108,1450068.41,CP_006,MSEI,Settled,,False
TRD-HLNT-24834950,2026-05-23 13:14:53,T009,Credit,HDFC_BOND,9211,1019.5225,9390821.75,CP_019,NSE,Settled,volume_spike,True
TRD-CODI-19830310,2026-05-23 13:59:50,T026,FX,JPY/INR,563,0.5663,318.83,CP_015,MCX,Settled,,False
TRD-UBQL-63528879,2026-05-23 15:28:56,T008,FX,EUR/INR,450,92.3642,41563.89,CP_014,MCX,Settled,,False
TRD-WGEQ-59865038,2026-05-23 15:47:20,T020,FX,USD/INR,1202,84.4333,101488.83,CP_009,NSE,Settled,,False
TRD-BFKY-25251706,2026-05-24 14:27:07,T010,Commodities,MCX_GOLD,671,63340.6103,42501549.51,CP_019,NDS-OM,Settled,,False
TRD-QGTK-98218536,2026-05-24 16:09:38,T029,Credit,RELIANCE_BOND,515,1000.1696,515087.34,CP_017,BSE,Settled,,False
TRD-MQPK-55017650,2026-05-25 12:10:29,T013,FX,EUR/INR,472,91.1415,43018.79,CP_009,MSEI,Settled,,False
TRD-NLPJ-96689545,2026-05-25 12:23:20,T014,Credit,HDFC_BOND,761,1000.466,761354.63,CP_002,OTC,Settled,,False
TRD-ODPU-00657659,2026-05-25 14:40:45,T029,Rates,MIBOR,885,7.2681,6432.27,CP_016,OTC,Settled,,False
TRD-NDGL-70790860,2026-05-25 15:52:27,T017,Equities,TCS,330,4031.337,1330341.21,CP_011,NSE,Settled,,False
TRD-UFPF-74281888,2026-05-26 10:19:44,T014,Credit,RELIANCE_BOND,163,1011.5614,164884.51,CP_008,NSE,Settled,,False
TRD-WJEO-72472707,2026-05-26 10:26:09,T005,FX,JPY/INR,3000,0.5608,1682.4,CP_019,OTC,Settled,volume_spike,True
TRD-ICJE-10609908,2026-05-26 13:01:11,T009,Commodities,MCX_GOLD,376,72488.8516,27255808.2,CP_010,MCX,Settled,,False
TRD-AZAU-44582237,2026-05-26 13:42:18,T010,Credit,RELIANCE_BOND,1176,1001.9888,1178338.83,CP_008,NSE,Settled,,False
TRD-XCAN-07878543,2026-05-26 15:08:02,T010,Rates,IN2Y,433,101.2689,43849.43,CP_012,NSE,Settled,,False
TRD-WZLV-02615867,2026-05-26 15:41:59,T029,FX,EUR/INR,708,90.5659,64120.66,CP_016,NDS-OM,Settled,,False
TRD-HTWX-27281035,2026-05-26 15:52:13,T016,Credit,SBI_BOND,589,1012.2357,596206.83,CP_009,MCX,Settled,,False
TRD-ZEJX-19562874,2026-05-27 10:55:40,T010,Rates,IN2Y,293,100.7106,29508.21,CP_017,OTC,Settled,,False
TRD-OUFA-00222561,2026-05-27 11:40:19,T020,Commodities,MCX_CRUDE,1342,5862.0391,7866856.47,CP_018,NSE,Settled,,False
TRD-EFWC-44031635,2026-05-27 12:23:27,T003,Credit,SBI_BOND,495,1003.5422,496753.39,CP_011,OTC,Settled,,False
TRD-QWKI-52838558,2026-05-27 14:37:31,T025,Equities,HDFCBANK,2431,1441.0657,3503230.72,CP_007,MSEI,Pending,,False
TRD-WNDH-17005245,2026-05-27 16:00:46,T005,Credit,SBI_BOND,335,995.7188,333565.8,CP_014,MSEI,Cancelled,,False
TRD-KFRX-90332547,2026-05-27 16:46:33,T020,Rates,IN91D,920,100.0506,92046.55,,MCX,Settled,missing_field,True
TRD-EWDX-10111731,2026-05-28 03:13:58,T027,FX,EUR/INR,2433,90.7944,220902.78,CP_014,MSEI,Settled,off_hours,True
TRD-LDVK-66527906,2026-05-28 11:53:42,T029,Rates,IN91D,164,636.6623,104412.62,CP_018,BSE,Settled,price_outlier,True
TRD-KNXY-96274646,2026-05-28 13:18:20,T004,Equities,TCS,549,3656.0397,2007165.8,CP_001,NDS-OM,Settled,,False
TRD-JWDL-12243218,2026-05-28 14:42:06,T028,Credit,HDFC_BOND,317,1015.5341,321924.31,CP_006,MCX,Settled,,False
TRD-JXVF-42174980,2026-05-28 16:04:43,T008,Rates,IN91D,716,99.6925,71379.83,CP_009,MSEI,Settled,,False
TRD-GRMM-09419733,2026-05-29 10:49:41,T002,Rates,IN2Y,1337,99.0415,132418.49,CP_001,BSE,Settled,,False
TRD-OFVQ-06997020,2026-05-29 15:14:20,T008,Equities,RELIANCE,180,2314.7125,416648.25,CP_014,MSEI,Settled,,False
TRD-VAUM-29169593,2026-05-29 15:43:31,T014,Commodities,MCX_COPPER,1005,814.5498,818622.55,CP_015,NDS-OM,Settled,,False
TRD-IBCA-18801108,2026-05-30 09:31:56,T021,Commodities,MCX_COPPER,780,806.5822,629134.12,CP_018,MCX,Settled,,False
TRD-DQKS-42458529,2026-05-30 10:19:35,T013,Credit,SBI_BOND,1974,996.67,1967426.58,CP_011,BSE,Settled,,False
TRD-ILMK-39487277,2026-05-30 11:31:44,T016,Credit,HDFC_BOND,842,1019.6183,858518.61,CP_012,OTC,Settled,,False
TRD-VKLB-37176773,2026-05-30 13:16:54,T011,Equities,TCS,196,3596.2793,704870.74,CP_013,MSEI,Settled,,False
TRD-JVUX-55289278,2026-05-30 13:43:34,T006,FX,JPY/INR,2906,0.5582,1622.13,CP_003,NDS-OM,Pending,,False
TRD-RFHB-30165207,2026-05-30 14:14:08,T017,Commodities,MCX_COPPER,733,762.938,559233.55,CP_016,NSE,Settled,,False
TRD-UWOQ-33973540,2026-05-30 16:03:35,T008,Equities,TCS,721,3627.8724,2615696.0,CP_004,NDS-OM,Settled,,False
TRD-QBLO-01839385,2026-05-31 11:06:10,T015,Commodities,MCX_GOLD,1052,71347.5968,75057671.83,CP_015,MCX,Settled,,False
TRD-GVOC-52400460,2026-06-01 13:14:47,T003,FX,EUR/INR,325,89.1068,28959.71,CP_014,NSE,Settled,,False
TRD-CDZU-10608570,2026-06-01 14:51:34,T014,FX,USD/INR,1965,84.0365,165131.72,CP_019,BSE,Settled,volume_spike,True
TRD-PXFG-26108666,2026-06-01 15:21:45,T016,FX,USD/INR,305,83.5234,25474.64,CP_004,MSEI,Settled,,False
TRD-XPPI-77912383,2026-06-01 16:40:15,T009,Equities,INFY,540,1471.8686,794809.04,CP_015,NSE,Settled,,False
TRD-OKJR-20066272,2026-06-02 13:01:32,T027,Commodities,MCX_CRUDE,535,6110.0118,3268856.31,CP_014,BSE,Settled,,False
TRD-IHPW-54438237,2026-06-02 14:40:11,T011,FX,JPY/INR,331,0.5555,183.87,CP_002,NSE,Settled,duplicate_id,True
TRD-IHPW-54438237,2026-06-02 14:42:08,T011,FX,JPY/INR,364,0.5555,202.2,CP_002,NSE,Settled,duplicate_id,True
TRD-QFGM-96114894,2026-06-02 15:38:08,T019,Commodities,MCX_COPPER,1265,749.7715,948460.95,CP_013,NDS-OM,Settled,,False
TRD-IJNY-90245731,2026-06-03 09:09:10,T025,Commodities,MCX_GOLD,2303,66430.446,152989317.14,CP_020,NSE,Settled,,False
TRD-ZWXR-06328895,2026-06-03 12:47:02,T013,Commodities,MCX_GOLD,2430,65639.7282,159504539.53,CP_015,BSE,Settled,,False
TRD-QNHD-46839403,2026-06-03 16:17:14,T003,Rates,IN91D,351,99.5557,34944.05,CP_007,BSE,Settled,,False
TRD-KHHL-79818775,2026-06-03 16:22:48,,Equities,INFY,1178,1651.104,1945000.51,CP_006,NDS-OM,Settled,missing_field,True
TRD-TBZM-01108442,2026-06-04 09:20:59,T010,FX,EUR/INR,2167,90.4639,196035.27,CP_017,NDS-OM,Cancelled,,False
TRD-BXHL-98275278,2026-06-04 11:33:48,T008,Rates,IN2Y,1061,591.8464,627949.03,CP_002,OTC,Settled,price_outlier,True
TRD-KZHS-24726979,2026-06-04 13:24:26,T025,Rates,IN91D,1674,99.9062,167242.98,CP_011,MSEI,Settled,,False
TRD-AMGS-86384960,2026-06-04 13:36:39,T002,Commodities,MCX_COPPER,1343,717.1283,963103.31,CP_020,MSEI,Settled,,False
TRD-JXOH-69019300,2026-06-04 14:36:36,T005,Commodities,MCX_GOLD,1091,70564.1838,76985524.53,CP_019,BSE,Settled,,False
TRD-VKCU-37043560,2026-06-05 12:17:34,T027,FX,EUR/INR,555,90.8967,50447.67,CP_002,BSE,Settled,,False
TRD-EDVF-42825404,2026-06-05 14:33:57,T010,Rates,IN2Y,2189,99.335,217444.31,CP_003,MCX,Settled,,False
TRD-ZANL-40918753,2026-06-05 14:48:57,T015,Credit,RELIANCE_BOND,470,1010.0804,474737.79,CP_020,MSEI,Settled,,False
TRD-JEET-48352693,2026-06-05 15:17:00,T019,Rates,IN10Y,466,101.6807,47383.21,CP_002,OTC,Settled,,False
TRD-LZKR-09241643,2026-06-05 15:55:47,T002,Rates,IN10Y,535,102.1215,54635.0,CP_014,NSE,Settled,,False
TRD-WTOO-17737232,2026-06-06 11:29:47,T020,Equities,HDFCBANK,233,1571.2335,366097.41,CP_012,NDS-OM,Settled,,False
TRD-TMJW-02503591,2026-06-06 11:50:23,T017,Rates,IN2Y,342,100.5453,34386.49,CP_008,NSE,Cancelled,,False
TRD-DZRV-03920964,2026-06-06 12:16:38,T026,Commodities,MCX_GOLD,492,449764.358,221284064.14,CP_010,MSEI,Cancelled,price_outlier,True
TRD-CXHE-17232952,2026-06-06 13:41:03,T030,Rates,IN91D,347,99.7326,34607.21,CP_003,MSEI,Settled,,False
TRD-SELW-83552018,2026-06-06 15:10:52,T007,Credit,RELIANCE_BOND,209,1023.8652,213987.83,CP_020,BSE,Settled,,False
TRD-ZEKY-42078027,2026-06-07 10:23:45,T022,FX,GBP/INR,740,104.1528,77073.07,CP_013,OTC,Settled,,False
TRD-TVPV-61280673,2026-06-07 10:33:36,T001,Equities,TCS,553,3594.5378,1987779.4,CP_020,MSEI,Settled,,False
TRD-ELLP-05220214,2026-06-07 10:37:46,T013,FX,EUR/INR,814,90.3901,73577.54,CP_012,NDS-OM,Settled,,False
TRD-XACR-88118132,2026-06-07 11:26:44,T007,Rates,MIBOR,687,7.5392,5179.43,CP_014,OTC,Settled,,False
TRD-ZXTV-88827077,2026-06-07 13:49:16,T023,Commodities,MCX_GOLD,185,63679.0724,11780628.39,CP_015,BSE,Cancelled,,False
TRD-RHMY-82816698,2026-06-07 14:24:48,T024,Credit,RELIANCE_BOND,759,998.5069,757866.74,CP_005,MSEI,Settled,,False
TRD-NEFW-16324603,2026-06-07 14:35:59,T004,FX,JPY/INR,338,0.5721,193.37,CP_017,NSE,Settled,,False
TRD-TXSC-63296524,2026-06-07 14:41:05,T008,Rates,IN2Y,243,590.0496,143382.05,CP_012,BSE,Settled,price_outlier,True
TRD-DBBZ-84667690,2026-06-07 15:34:32,T030,Commodities,MCX_COPPER,1066,809.1499,862553.79,CP_014,OTC,Settled,,False
TRD-ETPF-00153856,2026-06-07 16:17:12,T026,Equities,ICICIBANK,792,973.9524,771370.3,CP_004,MCX,Settled,,False
TRD-JWNM-45424100,2026-06-07 16:28:43,T007,Rates,MIBOR,582,6.9202,4027.56,CP_017,NDS-OM,Settled,,False
TRD-CRRK-36588060,2026-06-08 09:42:12,T013,Equities,TCS,1680,4097.1685,6883243.08,CP_011,MCX,Settled,,False
TRD-ODCI-25999244,2026-06-08 10:33:23,T003,Credit,SBI_BOND,586,1000.5476,586320.89,CP_017,OTC,Settled,,False
TRD-JEDP-35005021,2026-06-08 11:14:29,T021,Credit,RELIANCE_BOND,4497,996.5505,4481487.6,CP_009,NDS-OM,Settled,,False
TRD-XFCU-81224171,2026-06-08 11:23:08,T024,Rates,IN91D,648,99.9999,64799.94,CP_009,MSEI,Settled,,False
TRD-TPFC-20808570,2026-06-08 11:27:11,T024,Credit,RELIANCE_BOND,1980,1019.5167,2018643.07,CP_017,MSEI,Settled,,False
TRD-GEOG-40360493,2026-06-08 13:49:23,T006,Credit,RELIANCE_BOND,250,1000.231,250057.75,CP_020,OTC,Cancelled,,False
TRD-JGQO-29930997,2026-06-08 14:38:39,T029,Commodities,MCX_GOLD,1331,66143.7825,88037374.51,CP_016,MSEI,Settled,,False
TRD-FMGM-55054973,2026-06-08 16:57:32,T005,Equities,INFY,703,1467.0788,1031356.4,CP_014,NSE,Pending,,False
TRD-EJEO-96897915,2026-06-09 10:24:32,,Rates,IN2Y,849,100.6461,85448.54,CP_010,BSE,Settled,missing_field,True
TRD-CHMZ-59992664,2026-06-09 12:47:35,T018,Rates,IN2Y,1072,100.2856,107506.16,CP_009,MSEI,Settled,,False
TRD-VSPZ-26708144,2026-06-09 13:21:19,T019,Equities,HDFCBANK,467,1576.0523,736016.42,CP_019,NSE,Settled,,False
TRD-UUUC-64942127,2026-06-09 13:40:26,T013,Equities,ICICIBANK,79,1038.1525,82014.05,CP_015,NSE,Settled,,False
TRD-SDZG-31834447,2026-06-09 15:17:11,T001,Rates,IN91D,1399,99.7902,139606.49,CP_011,OTC,Settled,,False
TRD-MOGG-70996484,2026-06-09 23:47:53,T023,Rates,IN2Y,493,101.2095,49896.28,CP_003,MCX,Settled,off_hours,True
TRD-CYMU-52855012,2026-06-10 09:05:41,T014,Credit,RELIANCE_BOND,448,997.7087,446973.5,CP_005,NDS-OM,Settled,,False
TRD-NEGK-00624293,2026-06-10 10:08:48,T026,Commodities,MCX_CRUDE,274,5611.7047,1537607.09,CP_014,NSE,Cancelled,,False
TRD-MTJA-16314805,2026-06-10 11:12:18,T007,Commodities,MCX_COPPER,403,696.2217,280577.35,CP_002,OTC,Settled,,False
TRD-VYRT-26480006,2026-06-10 11:34:25,T017,Rates,IN10Y,621,101.962,63318.4,CP_005,MSEI,Cancelled,,False
TRD-DNOV-41893210,2026-06-10 14:20:57,T018,Equities,INFY,872,1443.4685,1258704.53,CP_003,BSE,Settled,,False
TRD-BYEK-26272303,2026-06-10 16:04:21,T009,Rates,IN10Y,497,705.2383,350503.44,CP_011,MCX,Settled,price_outlier,True
TRD-DNEW-29475319,2026-06-11 10:00:29,T020,Credit,HDFC_BOND,289,1016.6164,293802.14,CP_019,NSE,Settled,,False
TRD-USXC-05440760,2026-06-11 11:50:43,T014,FX,EUR/INR,440,89.5968,39422.59,CP_020,NSE,Settled,,False
TRD-NVBB-28698723,2026-06-11 14:25:29,T019,Credit,SBI_BOND,387,1003.7827,388463.9,CP_008,MSEI,Settled,,False
TRD-ZOSZ-54843572,2026-06-11 15:50:45,T012,Commodities,MCX_GOLD,278,72392.4064,20125088.98,CP_016,OTC,Settled,,False
TRD-TDJP-99936431,2026-06-11 16:36:56,T008,Commodities,MCX_COPPER,1880,783.2615,1472531.62,CP_016,MCX,Settled,volume_spike,True
TRD-VLNT-57146837,2026-06-12 10:20:27,T011,Credit,HDFC_BOND,785,999.5693,784661.9,CP_009,MCX,Cancelled,,False
TRD-RRYK-43658201,2026-06-12 12:04:37,T023,Credit,HDFC_BOND,584,994.1256,580569.35,CP_008,NSE,Settled,,False
TRD-QQFM-00654280,2026-06-12 12:12:39,T017,FX,EUR/INR,1419,91.8581,130346.64,CP_009,MCX,Settled,,False
TRD-VKQJ-11226652,2026-06-12 12:54:14,T010,Commodities,MCX_COPPER,267,720.4083,192349.02,CP_005,NDS-OM,Pending,,False
TRD-DRHQ-80758526,2026-06-12 13:14:52,T030,FX,EUR/INR,423,91.6932,38786.22,CP_019,MCX,Settled,,False
TRD-VCLF-72150801,2026-06-12 13:20:47,T014,Equities,RELIANCE,2512,2438.6355,6125852.38,CP_006,BSE,Settled,,False
TRD-EMQX-85709060,2026-06-12 14:42:18,T010,FX,USD/INR,829,84.4398,70000.59,CP_015,OTC,Settled,,False
TRD-SZIH-62602131,2026-06-12 16:07:52,T003,FX,GBP/INR,1834,107.8215,197744.63,CP_013,NDS-OM,Settled,,False
TRD-EVMQ-09091620,2026-06-12 16:43:59,T029,Credit,HDFC_BOND,660,1006.4859,664280.69,CP_019,MSEI,Settled,,False
TRD-RBHG-61547275,2026-06-13 09:15:13,T003,FX,JPY/INR,3410,0.5758,1963.48,CP_004,OTC,Settled,,False
TRD-ZQFX-26977945,2026-06-13 10:58:36,T004,Commodities,MCX_CRUDE,736,5903.2855,4344818.13,CP_002,OTC,Pending,,False
TRD-LYUH-13697743,2026-06-13 11:39:08,T026,Rates,MIBOR,752,6.7479,5074.42,CP_007,BSE,Settled,,False
TRD-ECVH-02339730,2026-06-13 11:51:39,T015,FX,GBP/INR,3071,108.2777,332520.82,CP_012,NSE,Settled,,False
TRD-KMXQ-65107523,2026-06-13 14:26:36,T029,Equities,TCS,41,3946.607,161810.89,CP_015,BSE,Settled,duplicate_id,True
TRD-KMXQ-65107523,2026-06-13 14:28:18,T029,Equities,TCS,45,3946.607,177597.32,CP_015,BSE,Settled,duplicate_id,True
TRD-HOZF-66510105,2026-06-13 14:58:39,T008,Credit,SBI_BOND,370,1003.392,371255.04,CP_003,MSEI,Settled,,False
TRD-WNUS-90615884,2026-06-13 15:46:21,T026,FX,USD/INR,226,84.1575,19019.6,CP_004,BSE,Settled,,False
TRD-UXMA-99050928,2026-06-13 16:23:25,T015,Commodities,MCX_SILVER,770,76937.8294,59242128.64,CP_019,MSEI,Settled,,False
TRD-PZXQ-22629762,2026-06-13 16:57:10,T024,Credit,RELIANCE_BOND,974,996.5444,970634.25,CP_016,NDS-OM,Settled,,False
TRD-RAIX-13690749,2026-06-14 09:05:02,T021,Commodities,MCX_GOLD,2112,67687.174,142955311.49,CP_019,MCX,Settled,,False
TRD-OJGP-35871069,2026-06-14 10:23:14,T001,Equities,HDFCBANK,971,1422.139,1380896.97,CP_011,NSE,Settled,,False
TRD-WJMQ-51365598,2026-06-14 10:36:43,T018,Rates,IN91D,402,99.8183,40126.96,CP_013,NDS-OM,Settled,,False
TRD-INXL-78471079,2026-06-14 11:00:22,T026,FX,USD/INR,4352,84.213,366494.98,CP_008,OTC,Settled,,False
TRD-GUVK-84748408,2026-06-14 11:03:23,T001,Commodities,MCX_COPPER,690,791.8297,546362.49,CP_014,NSE,Settled,,False
TRD-XUMT-32327107,2026-06-14 11:24:12,T030,Equities,HDFCBANK,848,1642.8083,1393101.44,CP_020,OTC,Settled,,False
TRD-SZXP-76378033,2026-06-14 11:40:43,T014,Rates,IN10Y,460,100.5304,46243.98,CP_018,NDS-OM,Settled,,False
TRD-MSWD-48254413,2026-06-14 11:56:53,T025,Commodities,MCX_CRUDE,1512,6438.2416,9734621.3,CP_018,MSEI,Settled,,False
TRD-TPBM-48360647,2026-06-14 12:15:17,T018,Rates,MIBOR,429,6.7399,2891.42,CP_010,BSE,Pending,,False
TRD-CNEF-97892591,2026-06-14 13:42:09,T023,Rates,IN2Y,2767,99.0453,274058.35,CP_014,NDS-OM,Settled,,False
TRD-TNXA-53725431,2026-06-14 14:29:16,T007,Credit,HDFC_BOND,4384,7448.3801,32653698.36,CP_015,MCX,Settled,price_outlier,True
TRD-EZQE-31260361,2026-06-15 09:08:47,T014,Equities,INFY,565,1597.6081,902648.58,CP_017,NSE,Settled,,False
TRD-IAUD-22244689,2026-06-15 11:10:46,T014,Rates,IN91D,950,99.8974,94902.53,CP_016,MSEI,Settled,,False
TRD-ICJR-92443044,2026-06-15 12:59:34,T025,Commodities,MCX_COPPER,6140,723.6396,4443147.14,CP_007,MSEI,Settled,,False
TRD-TXOI-09098518,2026-06-15 16:07:15,T008,Rates,MIBOR,1728,6.7403,11647.24,CP_003,MCX,Settled,,False
TRD-BDGG-80772907,2026-06-16 09:05:18,T008,Credit,HDFC_BOND,797,994.8489,792894.57,CP_013,MSEI,Settled,,False
TRD-EWLA-37246631,2026-06-16 10:29:26,T029,Credit,RELIANCE_BOND,655,1023.8734,670637.08,CP_019,BSE,Settled,,False
TRD-DLEX-60339322,2026-06-16 13:15:14,T005,FX,USD/INR,273,83.2491,22727.0,CP_004,MSEI,Settled,,False
TRD-GXQJ-98276935,2026-06-16 15:31:30,T007,Equities,TCS,1353,3983.2057,5389277.31,CP_013,NSE,Settled,,False
TRD-YIQM-92850640,2026-06-16 15:36:25,T023,FX,GBP/INR,407,108.2753,44068.05,CP_014,MCX,Settled,,False
TRD-RHQV-79316819,2026-06-16 16:05:57,T017,Equities,ICICIBANK,403,982.1363,395800.93,CP_015,NSE,Settled,,False
TRD-VNQQ-29678019,2026-06-17 09:13:53,T014,Credit,HDFC_BOND,357,1010.1641,360628.58,CP_013,OTC,Pending,,False
TRD-OCPC-79448522,2026-06-17 11:23:20,T007,FX,USD/INR,1837,83.1927,152824.99,CP_015,NSE,Settled,,False
TRD-RJUY-37765376,2026-06-17 12:52:58,T015,Credit,SBI_BOND,993,1013.594,1006498.84,CP_012,MCX,Settled,,False
TRD-FCEX-42750021,2026-06-17 15:44:57,T012,Equities,ICICIBANK,503,1053.7835,530053.1,CP_015,MSEI,Settled,,False
TRD-MIHZ-43623210,2026-06-18 10:55:43,T013,Credit,SBI_BOND,660,999.4037,659606.44,CP_017,MCX,Settled,duplicate_id,True
TRD-MIHZ-43623210,2026-06-18 10:57:10,T013,Credit,SBI_BOND,726,999.4037,725567.09,CP_017,MCX,Settled,duplicate_id,True
TRD-ANTY-80098781,2026-06-18 14:14:40,T007,Rates,IN2Y,174,99.1961,17260.12,CP_020,MCX,Settled,,False
TRD-XATZ-59961237,2026-06-18 14:24:36,T002,Equities,INFY,2237,1643.8703,3677337.86,CP_020,BSE,Settled,,False
TRD-BJGD-23741529,2026-06-18 14:38:24,T020,Credit,RELIANCE_BOND,345,1008.5665,347955.44,CP_013,OTC,Settled,,False
TRD-FWGJ-57708794,2026-06-19 09:11:59,T028,FX,GBP/INR,1358,105.7275,143577.95,CP_011,NSE,Cancelled,,False
TRD-QOXS-22724831,2026-06-19 12:47:07,T024,FX,EUR/INR,1221,91.3853,111581.45,CP_016,BSE,Settled,,False
TRD-JGDG-46877948,2026-06-20 09:59:26,T001,Equities,TCS,2336,3932.0293,9185220.44,CP_008,OTC,Settled,,False
TRD-JJTX-08048756,2026-06-20 10:32:15,T009,FX,GBP/INR,1346,108.1484,145567.75,CP_016,BSE,Settled,,False
TRD-FDYX-71409406,2026-06-20 10:49:51,T008,FX,JPY/INR,606,0.5326,322.76,CP_007,MSEI,Settled,,False
TRD-WBFD-72189800,2026-06-20 14:28:02,T024,Equities,HDFCBANK,831,1540.6079,1280245.16,CP_012,OTC,Cancelled,,False
TRD-ZLHG-38022333,2026-06-21 09:05:22,T018,Credit,SBI_BOND,917,1012.5353,928494.87,CP_003,OTC,Settled,,False
TRD-GSQY-87981182,2026-06-21 09:24:43,T014,Credit,HDFC_BOND,768,993.1979,762775.99,CP_006,MCX,Settled,,False
TRD-MGVY-40845382,2026-06-21 11:05:39,T028,Equities,TCS,240,3468.278,832386.72,CP_013,OTC,Settled,,False
TRD-KFYV-31172764,2026-06-21 11:21:47,T003,FX,JPY/INR,216,0.5391,116.45,CP_008,MCX,Cancelled,,False
TRD-QWZY-66139624,2026-06-21 12:08:30,T022,FX,EUR/INR,1117,90.7923,101415.0,CP_004,OTC,Pending,,False
TRD-OUMG-80841399,2026-06-21 15:26:29,T028,Credit,HDFC_BOND,187,998.1405,186652.27,CP_002,MSEI,Settled,,False
TRD-PFXC-33375110,2026-06-21 16:46:44,T015,Credit,SBI_BOND,1011,1002.9801,1014012.88,CP_011,NSE,Settled,,False
TRD-ZDWI-91210519,2026-06-22 10:05:17,T005,Rates,IN2Y,450,101.2347,45555.62,CP_013,MSEI,Settled,,False
TRD-ZSJY-00101368,2026-06-22 12:51:51,T022,Rates,MIBOR,117,7.5187,879.69,CP_013,MCX,Settled,,False
TRD-YGZX-26529926,2026-06-22 13:15:46,T021,FX,GBP/INR,1449,106.8852,154876.65,CP_016,OTC,Settled,,False
TRD-YELV-19248199,2026-06-22 14:00:31,T005,Commodities,MCX_GOLD,294,69547.6486,20447008.69,CP_007,NDS-OM,Cancelled,,False
TRD-GQVT-12058036,2026-06-22 16:35:32,T004,Credit,RELIANCE_BOND,583,1024.9062,597520.31,CP_019,NSE,Settled,,False
TRD-VADH-97128607,2026-06-23 09:06:27,T008,Commodities,MCX_CRUDE,1048,6069.3395,6360667.8,CP_003,MCX,Settled,,False
TRD-YMMB-79377985,2026-06-23 09:15:02,T016,FX,USD/INR,721,83.0446,59875.16,CP_012,NDS-OM,Pending,,False
TRD-FUAF-75351038,2026-06-23 10:48:28,T006,FX,EUR/INR,4447,89.8357,399499.36,CP_006,BSE,Settled,volume_spike,True
TRD-UCFB-63136797,2026-06-23 10:49:15,T022,Rates,IN10Y,812,101.329,82279.15,CP_012,BSE,Settled,,False
TRD-BGPD-92293052,2026-06-23 10:56:08,T009,Commodities,MCX_CRUDE,871,6339.4525,5521663.13,CP_004,NSE,Settled,,False
TRD-EIIJ-49815716,2026-06-23 14:18:29,T021,Commodities,MCX_GOLD,394,66257.4656,26105441.45,CP_018,OTC,Settled,,False
TRD-MACZ-88145869,2026-06-23 16:15:13,T019,FX,JPY/INR,918,0.5397,495.44,CP_012,NSE,Settled,,False
TRD-QUGL-26734994,2026-06-24 04:54:14,T021,Equities,ICICIBANK,260,1101.6477,286428.4,CP_008,MSEI,Settled,off_hours,True
TRD-CXBE-03471858,2026-06-24 10:31:54,T014,FX,EUR/INR,187,91.6166,17132.3,CP_011,OTC,Cancelled,,False
TRD-DRGY-85155620,2026-06-24 10:52:42,T002,FX,USD/INR,1064,82.8273,88128.25,CP_001,NDS-OM,Settled,,False
TRD-DWNW-11826326,2026-06-24 11:38:09,T025,Rates,IN2Y,380,100.9789,38371.98,CP_003,BSE,Cancelled,,False
TRD-CLDQ-35224859,2026-06-24 13:30:52,T001,Commodities,MCX_COPPER,425,692.4184,294277.82,CP_012,MCX,Settled,,False
TRD-BOLA-99822687,2026-06-24 14:05:50,T013,Credit,RELIANCE_BOND,899,1014.8059,912310.5,CP_001,MCX,Settled,,False
TRD-EQLR-26420275,2026-06-24 14:17:09,T007,Equities,HDFCBANK,1492,1612.4218,2405733.33,CP_011,NSE,Settled,,False
TRD-YDGS-89189707,2026-06-24 14:25:08,T025,Rates,IN91D,866,100.1495,86729.47,CP_012,OTC,Settled,,False
TRD-CEDZ-52624749,2026-06-25 09:54:54,T022,Commodities,MCX_CRUDE,314,7023.7709,2205464.06,CP_010,BSE,Settled,,False
TRD-TPIS-87325602,2026-06-25 10:23:42,T029,Rates,IN91D,619,99.916,61848.0,CP_006,NSE,Settled,,False
TRD-CCJZ-85311135,2026-06-25 10:24:57,T019,Rates,MIBOR,541,6.9134,3740.15,CP_007,MCX,Settled,,False
TRD-ZEAJ-77070854,2026-06-25 10:30:01,T024,Credit,HDFC_BOND,2605,991.2233,2582136.7,CP_018,NSE,Cancelled,,False
TRD-TBLD-50503704,2026-06-25 10:34:14,T021,Equities,HDFCBANK,307,1458.5729,447781.88,CP_005,MCX,Settled,,False
TRD-XADO-97453238,2026-06-25 11:31:32,T015,Rates,IN2Y,661,100.1478,66197.7,CP_016,MCX,Settled,,False
TRD-YDAR-98280106,2026-06-25 13:02:06,T020,Rates,IN2Y,765,101.2402,77448.75,CP_014,MCX,Settled,,False
TRD-PRQL-72215554,2026-06-26 09:18:26,T013,Rates,MIBOR,1862,6.9447,12931.03,CP_003,MSEI,Pending,,False
TRD-XHRC-78901573,2026-06-26 11:46:34,T016,Rates,IN2Y,413,99.3494,41031.3,CP_006,OTC,Cancelled,,False
TRD-ZMYQ-86632484,2026-06-26 15:05:14,T027,Commodities,MCX_GOLD,308,71061.2046,21886851.02,CP_004,NDS-OM,Pending,,False
TRD-WGAF-57151014,2026-06-27 13:23:32,T029,Rates,IN91D,4661,99.6118,464290.6,CP_016,NDS-OM,Settled,,False
TRD-HUHG-31063404,2026-06-27 15:12:41,T029,Credit,SBI_BOND,482,1011.382,487486.12,CP_017,BSE,Settled,,False
TRD-MLGN-15394677,2026-06-27 15:28:44,T020,Equities,RELIANCE,5928,2935.849,17403712.87,CP_016,MCX,Settled,,False
TRD-WRBJ-64550313,2026-06-27 16:26:30,T015,FX,EUR/INR,1458,90.3879,131785.56,CP_007,MCX,Settled,,False
TRD-LVRA-17459307,2026-06-27 16:28:15,T028,Rates,IN2Y,236,100.229,23654.04,CP_012,NSE,Cancelled,,False
TRD-FCPX-97957266,2026-06-28 09:15:56,T019,Rates,IN2Y,553,99.086,54794.56,CP_003,NSE,Settled,,False
TRD-GYPI-59280333,2026-06-28 09:48:46,T015,Commodities,MCX_CRUDE,386,6353.7315,2452540.36,CP_018,BSE,Cancelled,,False
TRD-JUBG-07685985,2026-06-28 10:42:40,T013,Rates,IN10Y,609,100.1593,60997.01,CP_012,OTC,Settled,,False
TRD-OXVW-01787520,2026-06-28 10:46:00,T002,Rates,IN91D,288,99.277,28591.78,CP_013,NDS-OM,Settled,,False
TRD-GOZO-39821425,2026-06-28 10:57:36,T022,Equities,INFY,237,1441.8068,341708.21,CP_004,BSE,Settled,,False
TRD-YXXD-58848306,2026-06-28 11:30:04,T008,FX,JPY/INR,599,0.5307,317.89,CP_013,NSE,Settled,,False
TRD-IQTV-95546298,2026-06-28 11:58:26,T020,Rates,IN2Y,802,100.8057,80846.17,CP_015,BSE,Settled,,False
TRD-MQKW-96190218,2026-06-28 13:41:05,T008,Equities,TCS,393,3934.4681,1546245.96,CP_018,OTC,Settled,,False
TRD-CWGU-97426114,2026-06-28 14:23:27,T005,FX,GBP/INR,1032,107.465,110903.88,CP_008,OTC,Settled,,False
TRD-LSNS-91122954,2026-06-28 15:32:23,T001,Commodities,MCX_GOLD,130,72102.9099,9373378.29,CP_012,MCX,Settled,,False
TRD-EQPA-08000917,2026-06-28 15:44:16,T015,Commodities,MCX_CRUDE,673,6734.3553,4532221.12,CP_010,BSE,Cancelled,,False
TRD-BEZI-34201431,2026-06-28 16:14:17,T014,Commodities,MCX_SILVER,2047,76148.9639,155876929.1,CP_016,NSE,Settled,,False
TRD-NNOO-74606324,2026-06-29 10:33:56,T001,Equities,HDFCBANK,2729,1667.8015,4551430.29,CP_012,MCX,Settled,,False
